email,password,fullName,userName,phoneNumber,userType
tarun@gmail.com,tarun,Tarun Ch,tch,1067869294,alumni
tarun11@gmail.com,tarun11,tarun rahul,tr,5050464202,alumni
connieschenck@gmail.com,connieschenck566,Connie Schenck,ConnieSchenck,2600520349,alumni
donnagreen@gmail.com,donnagreen243,Donna Green,DonnaGreen,8319730024,alumni
maryhampton@gmail.com,maryhampton154,Mary Hampton,MaryHampton,4657879687,alumni
deborahvanmeter@gmail.com,deborahvanmeter133,Deborah Vanmeter,DeborahVanmeter,3308288128,alumni
rosiejarosz@gmail.com,rosiejarosz949,Rosie Jarosz,RosieJarosz,5828686864,alumni
kathyhaupt@gmail.com,kathyhaupt503,Kathy Haupt,KathyHaupt,9993906136,alumni
susantaylor@gmail.com,susantaylor298,Susan Taylor,SusanTaylor,6228116494,alumni
joannehill@gmail.com,joannehill995,Joanne Hill,JoanneHill,2122783343,alumni
daniellasteadman@gmail.com,daniellasteadman835,Daniella Steadman,DaniellaSteadman,5263832196,alumni
marthathurman@gmail.com,marthathurman998,Martha Thurman,MarthaThurman,5730876790,alumni
hollyevenson@gmail.com,hollyevenson891,Holly Evenson,HollyEvenson,3837366572,alumni
donnawong@gmail.com,donnawong425,Donna Wong,DonnaWong,4811097507,alumni
ruthdavis@gmail.com,ruthdavis638,Ruth Davis,RuthDavis,6999477255,alumni
charlottetomilson@gmail.com,charlottetomilson191,Charlotte Tomilson,CharlotteTomilson,4468006344,alumni
reinawiegand@gmail.com,reinawiegand690,Reina Wiegand,ReinaWiegand,4801700724,alumni
vivianstangl@gmail.com,vivianstangl472,Vivian Stangl,VivianStangl,3928317515,alumni
carolmello@gmail.com,carolmello230,Carol Mello,CarolMello,8699255559,alumni
heatherlarson@gmail.com,heatherlarson910,Heather Larson,HeatherLarson,2065449625,alumni
dorothyburkett@gmail.com,dorothyburkett372,Dorothy Burkett,DorothyBurkett,8189787731,alumni
elizabethcarson@gmail.com,elizabethcarson713,Elizabeth Carson,ElizabethCarson,2868481745,alumni
carolcopeland@gmail.com,carolcopeland477,Carol Copeland,CarolCopeland,2437769289,alumni
paulabarnes@gmail.com,paulabarnes171,Paula Barnes,PaulaBarnes,2291569120,alumni
anitaoneill@gmail.com,anitaoneill650,Anita Oneill,AnitaOneill,2114649762,alumni
sophiethomas@gmail.com,sophiethomas526,Sophie Thomas,SophieThomas,9508509929,alumni
lynettejackson@gmail.com,lynettejackson734,Lynette Jackson,LynetteJackson,3493630149,alumni
rebeccagoodwin@gmail.com,rebeccagoodwin785,Rebecca Goodwin,RebeccaGoodwin,5906379912,alumni
eulachoi@gmail.com,eulachoi682,Eula Choi,EulaChoi,7379479418,alumni
dianefultz@gmail.com,dianefultz912,Diane Fultz,DianeFultz,1279538766,alumni
katieandrews@gmail.com,katieandrews269,Katie Andrews,KatieAndrews,4482369139,alumni
dorothymorgan@gmail.com,dorothymorgan325,Dorothy Morgan,DorothyMorgan,1513052732,alumni
shamikaho@gmail.com,shamikaho528,Shamika Ho,ShamikaHo,8488961971,alumni
valeriewilson@gmail.com,valeriewilson744,Valerie Wilson,ValerieWilson,6613598288,alumni
annettebyrne@gmail.com,annettebyrne104,Annette Byrne,AnnetteByrne,1969610856,alumni
marygrim@gmail.com,marygrim191,Mary Grim,MaryGrim,9282126908,alumni
doloresmclean@gmail.com,doloresmclean915,Dolores Mclean,DoloresMclean,8815780970,alumni
lucyjimenez@gmail.com,lucyjimenez667,Lucy Jimenez,LucyJimenez,4265792429,alumni
jennifferrobinson@gmail.com,jennifferrobinson679,Jenniffer Robinson,JennifferRobinson,4086387127,alumni
shirleypollard@gmail.com,shirleypollard269,Shirley Pollard,ShirleyPollard,3601946047,alumni
berthadavis@gmail.com,berthadavis945,Bertha Davis,BerthaDavis,3272165920,alumni
evapayton@gmail.com,evapayton416,Eva Payton,EvaPayton,4447352225,alumni
leeogletree@gmail.com,leeogletree570,Lee Ogletree,LeeOgletree,3717562899,alumni
lisamoreno@gmail.com,lisamoreno695,Lisa Moreno,LisaMoreno,2823058052,alumni
kimberlydaniels@gmail.com,kimberlydaniels784,Kimberly Daniels,KimberlyDaniels,8127385167,alumni
carissarodriquez@gmail.com,carissarodriquez638,Carissa Rodriquez,CarissaRodriquez,1082983174,alumni
vilmanowakowski@gmail.com,vilmanowakowski802,Vilma Nowakowski,VilmaNowakowski,7723000813,alumni
evelynlightsey@gmail.com,evelynlightsey538,Evelyn Lightsey,EvelynLightsey,5570344505,alumni
maryoates@gmail.com,maryoates918,Mary Oates,MaryOates,9687594694,alumni
adacanon@gmail.com,adacanon253,Ada Canon,AdaCanon,4917556223,alumni
davinamontez@gmail.com,davinamontez368,Davina Montez,DavinaMontez,5175029187,alumni
violetmelton@gmail.com,violetmelton361,Violet Melton,VioletMelton,2441120971,alumni
miriamprothro@gmail.com,miriamprothro877,Miriam Prothro,MiriamProthro,1309448099,alumni
dianaportsche@gmail.com,dianaportsche804,Diana Portsche,DianaPortsche,9866821618,alumni
michellefoster@gmail.com,michellefoster290,Michelle Foster,MichelleFoster,1275872579,alumni
summerreed@gmail.com,summerreed638,Summer Reed,SummerReed,1544103195,alumni
mollieciresi@gmail.com,mollieciresi328,Mollie Ciresi,MollieCiresi,9522871208,alumni
debbieborrow@gmail.com,debbieborrow738,Debbie Borrow,DebbieBorrow,9999741573,alumni
dianezink@gmail.com,dianezink893,Diane Zink,DianeZink,9569171402,alumni
maryperez@gmail.com,maryperez630,Mary Perez,MaryPerez,1375810305,alumni
alicehillman@gmail.com,alicehillman401,Alice Hillman,AliceHillman,2369539252,alumni
barbararamm@gmail.com,barbararamm814,Barbara Ramm,BarbaraRamm,7018272802,alumni
rachelclankscales@gmail.com,rachelclankscales141,Rachel Clankscales,RachelClankscales,4347051855,alumni
lisasnively@gmail.com,lisasnively244,Lisa Snively,LisaSnively,4195689226,alumni
idaurreta@gmail.com,idaurreta595,Ida Urreta,IdaUrreta,4104913251,alumni
cathyhinton@gmail.com,cathyhinton999,Cathy Hinton,CathyHinton,7443821835,alumni
iselacharles@gmail.com,iselacharles398,Isela Charles,IselaCharles,1665382912,alumni
lilamickens@gmail.com,lilamickens412,Lila Mickens,LilaMickens,6779783523,alumni
laurasisk@gmail.com,laurasisk421,Laura Sisk,LauraSisk,8181220760,alumni
heatherlopes@gmail.com,heatherlopes915,Heather Lopes,HeatherLopes,2429076680,alumni
terrirouse@gmail.com,terrirouse773,Terri Rouse,TerriRouse,2256150936,alumni
paulakutz@gmail.com,paulakutz313,Paula Kutz,PaulaKutz,4408535372,alumni
ellenmathis@gmail.com,ellenmathis773,Ellen Mathis,EllenMathis,4531198131,alumni
mercedescalvo@gmail.com,mercedescalvo941,Mercedes Calvo,MercedesCalvo,6379267945,alumni
normabannon@gmail.com,normabannon324,Norma Bannon,NormaBannon,1339053017,alumni
britneycronin@gmail.com,britneycronin246,Britney Cronin,BritneyCronin,5825610965,alumni
kathycanada@gmail.com,kathycanada443,Kathy Canada,KathyCanada,8508585127,alumni
rethasanta@gmail.com,rethasanta880,Retha Santa,RethaSanta,7968265426,alumni
jeanmartin@gmail.com,jeanmartin263,Jean Martin,JeanMartin,5721399401,alumni
janicelowe@gmail.com,janicelowe564,Janice Lowe,JaniceLowe,6263969409,alumni
janicebrooks@gmail.com,janicebrooks377,Janice Brooks,JaniceBrooks,1565031544,alumni
fayellis@gmail.com,fayellis400,Fay Ellis,FayEllis,6480186489,alumni
annamiller@gmail.com,annamiller377,Anna Miller,AnnaMiller,9833232460,alumni
brookeparke@gmail.com,brookeparke814,Brooke Parke,BrookeParke,4018012575,alumni
nancyharrison@gmail.com,nancyharrison475,Nancy Harrison,NancyHarrison,3128953034,alumni
marthacostello@gmail.com,marthacostello131,Martha Costello,MarthaCostello,3404403986,alumni
deboragreen@gmail.com,deboragreen367,Debora Green,DeboraGreen,3331622075,alumni
patriciafrizell@gmail.com,patriciafrizell208,Patricia Frizell,PatriciaFrizell,2856008581,alumni
heidiroberson@gmail.com,heidiroberson670,Heidi Roberson,HeidiRoberson,6134233347,alumni
heatherbell@gmail.com,heatherbell518,Heather Bell,HeatherBell,8324899751,alumni
judithmartinez@gmail.com,judithmartinez311,Judith Martinez,JudithMartinez,7405921419,alumni
donnaphillips@gmail.com,donnaphillips416,Donna Phillips,DonnaPhillips,4700922259,alumni
karenbradford@gmail.com,karenbradford403,Karen Bradford,KarenBradford,2670822768,alumni
barbarafrost@gmail.com,barbarafrost335,Barbara Frost,BarbaraFrost,7551307778,alumni
janiceking@gmail.com,janiceking971,Janice King,JaniceKing,2628361704,alumni
shirleyfleury@gmail.com,shirleyfleury679,Shirley Fleury,ShirleyFleury,9905921639,alumni
suzygrobmyer@gmail.com,suzygrobmyer737,Suzy Grobmyer,SuzyGrobmyer,2819371004,alumni
tammyjohnson@gmail.com,tammyjohnson903,Tammy Johnson,TammyJohnson,5775096948,alumni
marymaddox@gmail.com,marymaddox730,Mary Maddox,MaryMaddox,7058662569,alumni
cindypash@gmail.com,cindypash874,Cindy Pash,CindyPash,7609211575,alumni
claracahall@gmail.com,claracahall608,Clara Cahall,ClaraCahall,7649664327,alumni
carolineduke@gmail.com,carolineduke284,Caroline Duke,CarolineDuke,8084867680,alumni
emilydodd@gmail.com,emilydodd787,Emily Dodd,EmilyDodd,9227021903,alumni
brittanybrisco@gmail.com,brittanybrisco774,Brittany Brisco,BrittanyBrisco,8521334489,alumni
gracielahollman@gmail.com,gracielahollman340,Graciela Hollman,GracielaHollman,7993945345,alumni
hildareese@gmail.com,hildareese234,Hilda Reese,HildaReese,1670591973,alumni
paigelucas@gmail.com,paigelucas593,Paige Lucas,PaigeLucas,8663694669,alumni
evasullivan@gmail.com,evasullivan351,Eva Sullivan,EvaSullivan,2260482058,alumni
ruthvasquez@gmail.com,ruthvasquez651,Ruth Vasquez,RuthVasquez,1308966165,alumni
tanyapaxton@gmail.com,tanyapaxton478,Tanya Paxton,TanyaPaxton,9192964642,alumni
nicolewilliams@gmail.com,nicolewilliams974,Nicole Williams,NicoleWilliams,6643550402,alumni
heidinelson@gmail.com,heidinelson969,Heidi Nelson,HeidiNelson,2778650600,alumni
dianewalker@gmail.com,dianewalker581,Diane Walker,DianeWalker,2204652507,alumni
peggyshelly@gmail.com,peggyshelly296,Peggy Shelly,PeggyShelly,6330243683,alumni
joybollig@gmail.com,joybollig412,Joy Bollig,JoyBollig,8988224915,alumni
mariasylla@gmail.com,mariasylla609,Maria Sylla,MariaSylla,7881345437,alumni
jeancarrera@gmail.com,jeancarrera861,Jean Carrera,JeanCarrera,6536562784,alumni
marthasiddall@gmail.com,marthasiddall744,Martha Siddall,MarthaSiddall,1314699547,alumni
junenegron@gmail.com,junenegron719,June Negron,JuneNegron,7420809441,alumni
maryalvarez@gmail.com,maryalvarez876,Mary Alvarez,MaryAlvarez,8675409446,alumni
martinahamer@gmail.com,martinahamer990,Martina Hamer,MartinaHamer,5637422375,alumni
patricerepine@gmail.com,patricerepine110,Patrice Repine,PatriceRepine,8271378129,alumni
jackiewyman@gmail.com,jackiewyman358,Jackie Wyman,JackieWyman,2921363689,alumni
hollieplatt@gmail.com,hollieplatt339,Hollie Platt,HolliePlatt,8690688199,alumni
jennifersantiago@gmail.com,jennifersantiago553,Jennifer Santiago,JenniferSantiago,2365029352,alumni
lindaramos@gmail.com,lindaramos329,Linda Ramos,LindaRamos,7259860803,alumni
lulamiller@gmail.com,lulamiller122,Lula Miller,LulaMiller,7207680307,alumni
annaprochak@gmail.com,annaprochak359,Anna Prochak,AnnaProchak,7146172364,alumni
nataliegriswold@gmail.com,nataliegriswold301,Natalie Griswold,NatalieGriswold,8077717562,alumni
leorashepherd@gmail.com,leorashepherd114,Leora Shepherd,LeoraShepherd,1652250720,alumni
krystalgeter@gmail.com,krystalgeter828,Krystal Geter,KrystalGeter,2001437124,alumni
alicetyler@gmail.com,alicetyler594,Alice Tyler,AliceTyler,7839090379,alumni
vickyfrechette@gmail.com,vickyfrechette575,Vicky Frechette,VickyFrechette,7731440924,alumni
pamelaadams@gmail.com,pamelaadams357,Pamela Adams,PamelaAdams,3742687672,alumni
judypalmer@gmail.com,judypalmer676,Judy Palmer,JudyPalmer,6773246264,alumni
lauraharbaugh@gmail.com,lauraharbaugh586,Laura Harbaugh,LauraHarbaugh,2507043348,alumni
annagrist@gmail.com,annagrist484,Anna Grist,AnnaGrist,6704041560,alumni
susanwoodby@gmail.com,susanwoodby839,Susan Woodby,SusanWoodby,8030848115,alumni
arlinelucero@gmail.com,arlinelucero544,Arline Lucero,ArlineLucero,8715272926,alumni
marymatthews@gmail.com,marymatthews342,Mary Matthews,MaryMatthews,1384416849,alumni
stellareif@gmail.com,stellareif586,Stella Reif,StellaReif,5636656845,alumni
renabiggs@gmail.com,renabiggs493,Rena Biggs,RenaBiggs,7556559968,alumni
gladysjankowiak@gmail.com,gladysjankowiak398,Gladys Jankowiak,GladysJankowiak,5570607097,alumni
odessasansoucie@gmail.com,odessasansoucie959,Odessa Sansoucie,OdessaSansoucie,9006525046,alumni
gillianjohnson@gmail.com,gillianjohnson140,Gillian Johnson,GillianJohnson,7509812723,alumni
teresabon@gmail.com,teresabon374,Teresa Bon,TeresaBon,2216605590,alumni
jennychu@gmail.com,jennychu801,Jenny Chu,JennyChu,8867882800,alumni
sheenacampbell@gmail.com,sheenacampbell439,Sheena Campbell,SheenaCampbell,3254872297,alumni
sharonwestlund@gmail.com,sharonwestlund564,Sharon Westlund,SharonWestlund,9719040353,alumni
rondacall@gmail.com,rondacall517,Ronda Call,RondaCall,1146545410,alumni
marshasmith@gmail.com,marshasmith810,Marsha Smith,MarshaSmith,4704221481,alumni
dorothycundiff@gmail.com,dorothycundiff700,Dorothy Cundiff,DorothyCundiff,1781520044,alumni
lisagoldberg@gmail.com,lisagoldberg952,Lisa Goldberg,LisaGoldberg,6039223101,alumni
incraig@gmail.com,incraig110,In Craig,InCraig,5406389474,alumni
ednacannon@gmail.com,ednacannon186,Edna Cannon,EdnaCannon,6888359333,alumni
sarahharris@gmail.com,sarahharris407,Sarah Harris,SarahHarris,2232541093,alumni
donnashones@gmail.com,donnashones834,Donna Shones,DonnaShones,1265947386,alumni
janetmaedche@gmail.com,janetmaedche585,Janet Maedche,JanetMaedche,6639409484,alumni
veronicaabels@gmail.com,veronicaabels585,Veronica Abels,VeronicaAbels,2914733528,alumni
marypark@gmail.com,marypark197,Mary Park,MaryPark,5227218003,alumni
tarahwilliams@gmail.com,tarahwilliams456,Tarah Williams,TarahWilliams,9645808722,alumni
jamielopez@gmail.com,jamielopez566,Jamie Lopez,JamieLopez,4598258989,alumni
carolynjeffery@gmail.com,carolynjeffery648,Carolyn Jeffery,CarolynJeffery,4095984344,alumni
joellakarim@gmail.com,joellakarim724,Joella Karim,JoellaKarim,7495237155,alumni
dorisdagostino@gmail.com,dorisdagostino525,Doris Dagostino,DorisDagostino,5628549707,alumni
lucindajones@gmail.com,lucindajones765,Lucinda Jones,LucindaJones,9454109473,alumni
christenarojas@gmail.com,christenarojas347,Christena Rojas,ChristenaRojas,7193897992,alumni
deannawong@gmail.com,deannawong725,Deanna Wong,DeannaWong,2080165170,alumni
sandrablack@gmail.com,sandrablack772,Sandra Black,SandraBlack,3321029395,alumni
allisonellis@gmail.com,allisonellis710,Allison Ellis,AllisonEllis,6459893972,alumni
magdalenwilliams@gmail.com,magdalenwilliams629,Magdalen Williams,MagdalenWilliams,6607474452,alumni
sylviastephenson@gmail.com,sylviastephenson142,Sylvia Stephenson,SylviaStephenson,7609332889,alumni
deborahstewart@gmail.com,deborahstewart275,Deborah Stewart,DeborahStewart,5709737220,alumni
lakeisharogers@gmail.com,lakeisharogers730,Lakeisha Rogers,LakeishaRogers,2066677544,alumni
bettyturner@gmail.com,bettyturner638,Betty Turner,BettyTurner,2211356438,alumni
jacquishippee@gmail.com,jacquishippee262,Jacqui Shippee,JacquiShippee,9183705113,alumni
virgiereynolds@gmail.com,virgiereynolds716,Virgie Reynolds,VirgieReynolds,8652847757,alumni
elenorcherry@gmail.com,elenorcherry469,Elenor Cherry,ElenorCherry,5310976104,alumni
rosemariealconcel@gmail.com,rosemariealconcel725,Rosemarie Alconcel,RosemarieAlconcel,1980487620,alumni
christyjohnston@gmail.com,christyjohnston830,Christy Johnston,ChristyJohnston,5791766994,alumni
michelleswindler@gmail.com,michelleswindler696,Michelle Swindler,MichelleSwindler,5408280411,alumni
deannreid@gmail.com,deannreid478,Deann Reid,DeannReid,2141910068,alumni
ellatillotson@gmail.com,ellatillotson142,Ella Tillotson,EllaTillotson,3892609113,alumni
glyndanoland@gmail.com,glyndanoland791,Glynda Noland,GlyndaNoland,1363083794,alumni
loishoppe@gmail.com,loishoppe967,Lois Hoppe,LoisHoppe,1537256282,student
shanitalarsen@gmail.com,shanitalarsen767,Shanita Larsen,ShanitaLarsen,1789660237,student
paulettethomas@gmail.com,paulettethomas514,Paulette Thomas,PauletteThomas,6164593445,student
paulathomas@gmail.com,paulathomas609,Paula Thomas,PaulaThomas,9760670792,student
jacquelinegoff@gmail.com,jacquelinegoff938,Jacqueline Goff,JacquelineGoff,7490271648,student
ruthmarable@gmail.com,ruthmarable271,Ruth Marable,RuthMarable,3896759302,student
denaterry@gmail.com,denaterry771,Dena Terry,DenaTerry,5957535089,student
katherinelane@gmail.com,katherinelane424,Katherine Lane,KatherineLane,2023959480,student
tracykelly@gmail.com,tracykelly889,Tracy Kelly,TracyKelly,9962961309,student
francespate@gmail.com,francespate602,Frances Pate,FrancesPate,7408934898,student
kieshamonfort@gmail.com,kieshamonfort174,Kiesha Monfort,KieshaMonfort,5355489714,student
amandamcclaughry@gmail.com,amandamcclaughry493,Amanda Mcclaughry,AmandaMcclaughry,8498769636,student
amadadelargy@gmail.com,amadadelargy869,Amada Delargy,AmadaDelargy,9163484009,student
carolbradley@gmail.com,carolbradley858,Carol Bradley,CarolBradley,6849756988,student
joycemorse@gmail.com,joycemorse292,Joyce Morse,JoyceMorse,5967734181,student
jenniferlee@gmail.com,jenniferlee535,Jennifer Lee,JenniferLee,1474894862,student
ashleighbarrett@gmail.com,ashleighbarrett537,Ashleigh Barrett,AshleighBarrett,1848622924,student
carolynfisher@gmail.com,carolynfisher899,Carolyn Fisher,CarolynFisher,7678700316,student
dawnlaws@gmail.com,dawnlaws795,Dawn Laws,DawnLaws,7222096588,student
crystalsierra@gmail.com,crystalsierra801,Crystal Sierra,CrystalSierra,1164077149,student
hannahlopez@gmail.com,hannahlopez377,Hannah Lopez,HannahLopez,5457697658,student
carollindsay@gmail.com,carollindsay253,Carol Lindsay,CarolLindsay,7582901666,student
barbiethornton@gmail.com,barbiethornton871,Barbie Thornton,BarbieThornton,4341767873,student
jenifersullivan@gmail.com,jenifersullivan138,Jenifer Sullivan,JeniferSullivan,4337373028,student
jenniferminucci@gmail.com,jenniferminucci568,Jennifer Minucci,JenniferMinucci,6209935777,student
tessagloss@gmail.com,tessagloss409,Tessa Gloss,TessaGloss,9429295983,student
sarahingber@gmail.com,sarahingber288,Sarah Ingber,SarahIngber,1106451522,student
eleanorsilbaugh@gmail.com,eleanorsilbaugh420,Eleanor Silbaugh,EleanorSilbaugh,2389219510,student
chungthomas@gmail.com,chungthomas441,Chung Thomas,ChungThomas,6310014738,student
jackienichols@gmail.com,jackienichols358,Jackie Nichols,JackieNichols,4818701138,student
metalogan@gmail.com,metalogan527,Meta Logan,MetaLogan,5463018996,student
patriciagriffith@gmail.com,patriciagriffith331,Patricia Griffith,PatriciaGriffith,8351511657,student
kimfriedman@gmail.com,kimfriedman845,Kim Friedman,KimFriedman,4411724584,student
marlenesteiner@gmail.com,marlenesteiner674,Marlene Steiner,MarleneSteiner,7862275513,student
susanbender@gmail.com,susanbender201,Susan Bender,SusanBender,1917108098,student
vanessaschluter@gmail.com,vanessaschluter226,Vanessa Schluter,VanessaSchluter,9017474730,student
janetitus@gmail.com,janetitus234,Jane Titus,JaneTitus,4956276018,student
donnaescobar@gmail.com,donnaescobar932,Donna Escobar,DonnaEscobar,8910802894,student
zonawilliams@gmail.com,zonawilliams485,Zona Williams,ZonaWilliams,6469176830,student
glindaneville@gmail.com,glindaneville336,Glinda Neville,GlindaNeville,6859615089,student
shirleycrocker@gmail.com,shirleycrocker101,Shirley Crocker,ShirleyCrocker,4023243397,student
graciehershberger@gmail.com,graciehershberger647,Gracie Hershberger,GracieHershberger,4118531602,student
maryperrin@gmail.com,maryperrin994,Mary Perrin,MaryPerrin,4470067651,student
lindaomura@gmail.com,lindaomura474,Linda Omura,LindaOmura,5303147932,student
andreacole@gmail.com,andreacole937,Andrea Cole,AndreaCole,2499165791,student
sandraderosier@gmail.com,sandraderosier291,Sandra Derosier,SandraDerosier,9015651409,student
mildredgwinn@gmail.com,mildredgwinn321,Mildred Gwinn,MildredGwinn,3421745190,student
kathrynperez@gmail.com,kathrynperez224,Kathryn Perez,KathrynPerez,2200382721,student
pamelatugwell@gmail.com,pamelatugwell999,Pamela Tugwell,PamelaTugwell,7667168836,student
noraford@gmail.com,noraford691,Nora Ford,NoraFord,4405906852,student
sylviajohnson@gmail.com,sylviajohnson731,Sylvia Johnson,SylviaJohnson,6327567616,student
genevawright@gmail.com,genevawright454,Geneva Wright,GenevaWright,8349379441,student
janycecochran@gmail.com,janycecochran716,Janyce Cochran,JanyceCochran,3455482120,student
ngamiller@gmail.com,ngamiller269,Nga Miller,NgaMiller,2233749135,student
myrtlelai@gmail.com,myrtlelai954,Myrtle Lai,MyrtleLai,6425742985,student
gailrosas@gmail.com,gailrosas526,Gail Rosas,GailRosas,7302871505,student
kelseylanghans@gmail.com,kelseylanghans570,Kelsey Langhans,KelseyLanghans,5191177265,student
berthatorrie@gmail.com,berthatorrie385,Bertha Torrie,BerthaTorrie,6139191496,student
minnieland@gmail.com,minnieland461,Minnie Land,MinnieLand,7540381363,student
carolwood@gmail.com,carolwood359,Carol Wood,CarolWood,2438263311,student
ramonajoyce@gmail.com,ramonajoyce840,Ramona Joyce,RamonaJoyce,1281969608,student
emilyeames@gmail.com,emilyeames311,Emily Eames,EmilyEames,4669427380,student
beatriceluvene@gmail.com,beatriceluvene560,Beatrice Luvene,BeatriceLuvene,2972546234,student
debbietanaka@gmail.com,debbietanaka611,Debbie Tanaka,DebbieTanaka,7217493531,student
candicegarcia@gmail.com,candicegarcia924,Candice Garcia,CandiceGarcia,5527852463,student
sandywilliams@gmail.com,sandywilliams418,Sandy Williams,SandyWilliams,9081943062,student
tarapeacock@gmail.com,tarapeacock282,Tara Peacock,TaraPeacock,2194116615,student
heatherlimon@gmail.com,heatherlimon305,Heather Limon,HeatherLimon,3545185586,student
vincentmansfield@gmail.com,vincentmansfield235,Vincent Mansfield,VincentMansfield,8046639492,alumni
marvinrhodes@gmail.com,marvinrhodes996,Marvin Rhodes,MarvinRhodes,3531333746,alumni
thomasreed@gmail.com,thomasreed240,Thomas Reed,ThomasReed,7224378360,alumni
walterarnold@gmail.com,walterarnold836,Walter Arnold,WalterArnold,9596600360,alumni
cecilsalvietti@gmail.com,cecilsalvietti780,Cecil Salvietti,CecilSalvietti,6765038077,alumni
johnmather@gmail.com,johnmather386,John Mather,JohnMather,5706995784,alumni
roberthester@gmail.com,roberthester635,Robert Hester,RobertHester,6490434272,alumni
jamesbrown@gmail.com,jamesbrown927,James Brown,JamesBrown,6152452925,alumni
scottnerad@gmail.com,scottnerad430,Scott Nerad,ScottNerad,1890675922,alumni
wendellrebuldela@gmail.com,wendellrebuldela865,Wendell Rebuldela,WendellRebuldela,3387843892,alumni
frankmcspadden@gmail.com,frankmcspadden846,Frank Mcspadden,FrankMcspadden,1075477867,alumni
brandenjohnson@gmail.com,brandenjohnson883,Branden Johnson,BrandenJohnson,5273654292,alumni
scottburger@gmail.com,scottburger318,Scott Burger,ScottBurger,4447262427,alumni
jessefarmer@gmail.com,jessefarmer444,Jesse Farmer,JesseFarmer,7307202177,alumni
clydeporter@gmail.com,clydeporter666,Clyde Porter,ClydePorter,7307532657,alumni
johnmitchell@gmail.com,johnmitchell776,John Mitchell,JohnMitchell,5082308040,alumni
geraldlewison@gmail.com,geraldlewison984,Gerald Lewison,GeraldLewison,1730222258,alumni
josesumner@gmail.com,josesumner982,Jose Sumner,JoseSumner,2798467603,alumni
clarencelaws@gmail.com,clarencelaws874,Clarence Laws,ClarenceLaws,1345561941,alumni
michaelmatthews@gmail.com,michaelmatthews487,Michael Matthews,MichaelMatthews,6492393156,alumni
johnphillips@gmail.com,johnphillips237,John Phillips,JohnPhillips,3130300457,alumni
raygutsche@gmail.com,raygutsche648,Ray Gutsche,RayGutsche,7226833169,alumni
paulfrancis@gmail.com,paulfrancis487,Paul Francis,PaulFrancis,6884119033,alumni
jackcuesta@gmail.com,jackcuesta349,Jack Cuesta,JackCuesta,9178950511,alumni
mauriceproctor@gmail.com,mauriceproctor674,Maurice Proctor,MauriceProctor,3370700917,alumni
jeffreynabb@gmail.com,jeffreynabb827,Jeffrey Nabb,JeffreyNabb,5899392492,alumni
ramirogault@gmail.com,ramirogault255,Ramiro Gault,RamiroGault,8324463969,alumni
johnnieott@gmail.com,johnnieott108,Johnnie Ott,JohnnieOtt,2265530828,alumni
timothyvautour@gmail.com,timothyvautour292,Timothy Vautour,TimothyVautour,7708145424,alumni
claudechalfant@gmail.com,claudechalfant791,Claude Chalfant,ClaudeChalfant,8806689179,alumni
jeffreywagner@gmail.com,jeffreywagner362,Jeffrey Wagner,JeffreyWagner,3623395067,alumni
geraldmchugh@gmail.com,geraldmchugh371,Gerald Mchugh,GeraldMchugh,2369525842,alumni
davidcraig@gmail.com,davidcraig959,David Craig,DavidCraig,1107565062,alumni
christopherfranty@gmail.com,christopherfranty298,Christopher Franty,ChristopherFranty,7526354325,alumni
kevinfaucher@gmail.com,kevinfaucher264,Kevin Faucher,KevinFaucher,5321440502,alumni
jamesbaltz@gmail.com,jamesbaltz359,James Baltz,JamesBaltz,3674228974,alumni
jamesgregory@gmail.com,jamesgregory790,James Gregory,JamesGregory,6212278084,alumni
johnhickerson@gmail.com,johnhickerson194,John Hickerson,JohnHickerson,9915106896,alumni
terryboyer@gmail.com,terryboyer320,Terry Boyer,TerryBoyer,8009757255,alumni
marktaylor@gmail.com,marktaylor159,Mark Taylor,MarkTaylor,9160149638,alumni
artviray@gmail.com,artviray188,Art Viray,ArtViray,6035006523,alumni
markrobuck@gmail.com,markrobuck292,Mark Robuck,MarkRobuck,5274278997,alumni
terrybethea@gmail.com,terrybethea654,Terry Bethea,TerryBethea,8124059675,alumni
lynnlieberman@gmail.com,lynnlieberman541,Lynn Lieberman,LynnLieberman,9551171739,alumni
markmartin@gmail.com,markmartin183,Mark Martin,MarkMartin,8979779835,alumni
mauricewest@gmail.com,mauricewest644,Maurice West,MauriceWest,8816518914,alumni
robertagena@gmail.com,robertagena267,Robert Agena,RobertAgena,3346309984,alumni
alexanderchristenberry@gmail.com,alexanderchristenberry653,Alexander Christenberry,AlexanderChristenberry,5912575498,alumni
davidpadilla@gmail.com,davidpadilla101,David Padilla,DavidPadilla,5407780325,alumni
markleif@gmail.com,markleif586,Mark Leif,MarkLeif,8457124538,alumni
garymasters@gmail.com,garymasters795,Gary Masters,GaryMasters,6710985157,alumni
michaelridgeway@gmail.com,michaelridgeway926,Michael Ridgeway,MichaelRidgeway,5671252982,alumni
matthewscarbrough@gmail.com,matthewscarbrough629,Matthew Scarbrough,MatthewScarbrough,7315459733,alumni
migueldomingo@gmail.com,migueldomingo813,Miguel Domingo,MiguelDomingo,2561871389,alumni
johnswan@gmail.com,johnswan840,John Swan,JohnSwan,8543360564,alumni
prestongass@gmail.com,prestongass489,Preston Gass,PrestonGass,4473807209,alumni
kennethrubin@gmail.com,kennethrubin349,Kenneth Rubin,KennethRubin,4023910091,alumni
josephmurphy@gmail.com,josephmurphy495,Joseph Murphy,JosephMurphy,5267961342,alumni
alexwilliamson@gmail.com,alexwilliamson610,Alex Williamson,AlexWilliamson,4777343079,alumni
georgegarcia@gmail.com,georgegarcia650,George Garcia,GeorgeGarcia,3648052355,alumni
andrewpark@gmail.com,andrewpark395,Andrew Park,AndrewPark,7118668608,alumni
jamescapel@gmail.com,jamescapel613,James Capel,JamesCapel,3453075736,alumni
robertsandberg@gmail.com,robertsandberg680,Robert Sandberg,RobertSandberg,6854424332,alumni
jamesprice@gmail.com,jamesprice516,James Price,JamesPrice,6658434434,alumni
timwest@gmail.com,timwest529,Tim West,TimWest,6513462913,alumni
davidbuxton@gmail.com,davidbuxton884,David Buxton,DavidBuxton,4408606698,alumni
gregorysperry@gmail.com,gregorysperry713,Gregory Sperry,GregorySperry,3590067098,alumni
rogerezzelle@gmail.com,rogerezzelle668,Roger Ezzelle,RogerEzzelle,1802324741,alumni
wilburcorrey@gmail.com,wilburcorrey514,Wilbur Correy,WilburCorrey,8593749467,alumni
jamesbyrd@gmail.com,jamesbyrd959,James Byrd,JamesByrd,3320557758,alumni
leoncreech@gmail.com,leoncreech347,Leon Creech,LeonCreech,6333016714,alumni
thomashummer@gmail.com,thomashummer582,Thomas Hummer,ThomasHummer,6447538255,alumni
gregorywright@gmail.com,gregorywright357,Gregory Wright,GregoryWright,1020068760,alumni
brianwilliams@gmail.com,brianwilliams932,Brian Williams,BrianWilliams,3527175219,alumni
richardknight@gmail.com,richardknight655,Richard Knight,RichardKnight,2054782989,alumni
allenthompson@gmail.com,allenthompson952,Allen Thompson,AllenThompson,4053270700,alumni
williamlam@gmail.com,williamlam442,William Lam,WilliamLam,5519506342,alumni
arielhan@gmail.com,arielhan155,Ariel Han,ArielHan,2464976270,alumni
williamlozano@gmail.com,williamlozano608,William Lozano,WilliamLozano,2223609548,alumni
henrylandess@gmail.com,henrylandess660,Henry Landess,HenryLandess,6077432762,alumni
patnichols@gmail.com,patnichols150,Pat Nichols,PatNichols,1339241765,alumni
josephgibson@gmail.com,josephgibson312,Joseph Gibson,JosephGibson,5403666512,alumni
joshuadennis@gmail.com,joshuadennis335,Joshua Dennis,JoshuaDennis,7639788170,alumni
nicholasjaeger@gmail.com,nicholasjaeger583,Nicholas Jaeger,NicholasJaeger,4306163225,alumni
loydmitchell@gmail.com,loydmitchell512,Loyd Mitchell,LoydMitchell,4378349513,alumni
rufusbrown@gmail.com,rufusbrown812,Rufus Brown,RufusBrown,1534361716,alumni
robertcraine@gmail.com,robertcraine406,Robert Craine,RobertCraine,7497048063,alumni
troymorris@gmail.com,troymorris207,Troy Morris,TroyMorris,8377179443,alumni
omarcushman@gmail.com,omarcushman355,Omar Cushman,OmarCushman,6555959982,alumni
christopherdavis@gmail.com,christopherdavis392,Christopher Davis,ChristopherDavis,2423077323,alumni
johnbrookshire@gmail.com,johnbrookshire391,John Brookshire,JohnBrookshire,9476298568,alumni
nicholaswestberry@gmail.com,nicholaswestberry779,Nicholas Westberry,NicholasWestberry,3062729911,alumni
fredbell@gmail.com,fredbell409,Fred Bell,FredBell,1522156750,alumni
barrykimes@gmail.com,barrykimes234,Barry Kimes,BarryKimes,9061914043,alumni
eddienivens@gmail.com,eddienivens132,Eddie Nivens,EddieNivens,1363279971,alumni
kylelloyd@gmail.com,kylelloyd386,Kyle Lloyd,KyleLloyd,1873277868,alumni
richardbailey@gmail.com,richardbailey929,Richard Bailey,RichardBailey,8630867115,alumni
ronaldsipriano@gmail.com,ronaldsipriano471,Ronald Sipriano,RonaldSipriano,7012974234,alumni
rubenjohnson@gmail.com,rubenjohnson731,Ruben Johnson,RubenJohnson,9044351418,alumni
lawrencemidgett@gmail.com,lawrencemidgett758,Lawrence Midgett,LawrenceMidgett,8613551101,alumni
jameswilliams@gmail.com,jameswilliams690,James Williams,JamesWilliams,3176562239,alumni
jamesschneider@gmail.com,jamesschneider597,James Schneider,JamesSchneider,4338558405,alumni
donaldgarcia@gmail.com,donaldgarcia891,Donald Garcia,DonaldGarcia,3099256249,alumni
roberthenkel@gmail.com,roberthenkel715,Robert Henkel,RobertHenkel,1422866779,alumni
jackmaxwell@gmail.com,jackmaxwell245,Jack Maxwell,JackMaxwell,7716212569,alumni
gilbertomartin@gmail.com,gilbertomartin340,Gilberto Martin,GilbertoMartin,5396888759,alumni
jameshubbard@gmail.com,jameshubbard290,James Hubbard,JamesHubbard,9075033772,alumni
sidneyflanagan@gmail.com,sidneyflanagan151,Sidney Flanagan,SidneyFlanagan,8616583962,alumni
toddhightower@gmail.com,toddhightower157,Todd Hightower,ToddHightower,5286663137,alumni
matthewlogan@gmail.com,matthewlogan223,Matthew Logan,MatthewLogan,7588517968,alumni
davidepstein@gmail.com,davidepstein352,David Epstein,DavidEpstein,2536310623,alumni
donaldkaleta@gmail.com,donaldkaleta620,Donald Kaleta,DonaldKaleta,1497721952,alumni
mathewmoore@gmail.com,mathewmoore350,Mathew Moore,MathewMoore,8663557483,alumni
adamcollins@gmail.com,adamcollins119,Adam Collins,AdamCollins,3086978098,alumni
juanlilley@gmail.com,juanlilley636,Juan Lilley,JuanLilley,8074696488,alumni
matthewschumacher@gmail.com,matthewschumacher999,Matthew Schumacher,MatthewSchumacher,4916226888,alumni
drewnelson@gmail.com,drewnelson553,Drew Nelson,DrewNelson,6840439070,alumni
bertedwards@gmail.com,bertedwards496,Bert Edwards,BertEdwards,8383064662,alumni
georgeandrew@gmail.com,georgeandrew850,George Andrew,GeorgeAndrew,4836806830,alumni
hectorcurtis@gmail.com,hectorcurtis609,Hector Curtis,HectorCurtis,3956829349,alumni
marklabruzzo@gmail.com,marklabruzzo730,Mark Labruzzo,MarkLabruzzo,7572066290,alumni
kevinhwang@gmail.com,kevinhwang927,Kevin Hwang,KevinHwang,6447325088,alumni
deshawnwheatley@gmail.com,deshawnwheatley579,Deshawn Wheatley,DeshawnWheatley,6130326744,alumni
davidwilliams@gmail.com,davidwilliams903,David Williams,DavidWilliams,2918256949,alumni
charleskeefer@gmail.com,charleskeefer653,Charles Keefer,CharlesKeefer,3933180661,alumni
philhayes@gmail.com,philhayes526,Phil Hayes,PhilHayes,3146618978,alumni
thomaslongerbeam@gmail.com,thomaslongerbeam279,Thomas Longerbeam,ThomasLongerbeam,1057597821,alumni
rodneynoakes@gmail.com,rodneynoakes159,Rodney Noakes,RodneyNoakes,6928459880,alumni
robertharris@gmail.com,robertharris813,Robert Harris,RobertHarris,8021791917,alumni
garylopez@gmail.com,garylopez630,Gary Lopez,GaryLopez,9148395449,alumni
troytims@gmail.com,troytims400,Troy Tims,TroyTims,6140131940,alumni
verncayton@gmail.com,verncayton576,Vern Cayton,VernCayton,3887279742,alumni
carlsweene@gmail.com,carlsweene850,Carl Sweene,CarlSweene,7107135545,alumni
michaelhyatt@gmail.com,michaelhyatt748,Michael Hyatt,MichaelHyatt,2599574448,alumni
theodorenails@gmail.com,theodorenails205,Theodore Nails,TheodoreNails,9390322079,alumni
majorpollock@gmail.com,majorpollock209,Major Pollock,MajorPollock,2928568366,alumni
steveroten@gmail.com,steveroten631,Steve Roten,SteveRoten,2552923195,alumni
ianmartin@gmail.com,ianmartin362,Ian Martin,IanMartin,8978540662,alumni
pablobennett@gmail.com,pablobennett558,Pablo Bennett,PabloBennett,8205571830,alumni
mitchellgriffey@gmail.com,mitchellgriffey409,Mitchell Griffey,MitchellGriffey,7303426124,alumni
michaelbaranowski@gmail.com,michaelbaranowski139,Michael Baranowski,MichaelBaranowski,9757086218,alumni
fredparsons@gmail.com,fredparsons798,Fred Parsons,FredParsons,8442365237,alumni
bradfaulkner@gmail.com,bradfaulkner687,Brad Faulkner,BradFaulkner,3053402240,alumni
vernonnigro@gmail.com,vernonnigro453,Vernon Nigro,VernonNigro,3479744338,alumni
steveporter@gmail.com,steveporter116,Steve Porter,StevePorter,5232919023,alumni
jerrypatrick@gmail.com,jerrypatrick940,Jerry Patrick,JerryPatrick,3661263568,alumni
terrywilliams@gmail.com,terrywilliams200,Terry Williams,TerryWilliams,1415155259,alumni
raleighgraham@gmail.com,raleighgraham848,Raleigh Graham,RaleighGraham,7808220448,alumni
jeffreysegal@gmail.com,jeffreysegal823,Jeffrey Segal,JeffreySegal,5543707764,alumni
zacharysteffens@gmail.com,zacharysteffens843,Zachary Steffens,ZacharySteffens,3016684377,alumni
jeffreymanuel@gmail.com,jeffreymanuel388,Jeffrey Manuel,JeffreyManuel,8854669536,alumni
anthonywilliams@gmail.com,anthonywilliams856,Anthony Williams,AnthonyWilliams,5499481944,alumni
kylemullen@gmail.com,kylemullen788,Kyle Mullen,KyleMullen,5418983078,alumni
danielburnette@gmail.com,danielburnette456,Daniel Burnette,DanielBurnette,3457998620,alumni
ronnieforson@gmail.com,ronnieforson583,Ronnie Forson,RonnieForson,5599364444,alumni
davidellerbee@gmail.com,davidellerbee452,David Ellerbee,DavidEllerbee,8249898294,alumni
josephjordan@gmail.com,josephjordan741,Joseph Jordan,JosephJordan,9854679220,alumni
colemanfrazier@gmail.com,colemanfrazier626,Coleman Frazier,ColemanFrazier,3220613302,alumni
bradleyfirestine@gmail.com,bradleyfirestine666,Bradley Firestine,BradleyFirestine,3292222594,alumni
thomasdrake@gmail.com,thomasdrake449,Thomas Drake,ThomasDrake,8648339180,alumni
matthewcaywood@gmail.com,matthewcaywood770,Matthew Caywood,MatthewCaywood,8507993038,alumni
jeffreybillings@gmail.com,jeffreybillings792,Jeffrey Billings,JeffreyBillings,5925286791,alumni
herbertjones@gmail.com,herbertjones347,Herbert Jones,HerbertJones,5453766065,alumni
briansanchez@gmail.com,briansanchez443,Brian Sanchez,BrianSanchez,1609848051,alumni
jimmywashington@gmail.com,jimmywashington272,Jimmy Washington,JimmyWashington,6284089989,alumni
rudolphmcnamara@gmail.com,rudolphmcnamara619,Rudolph Mcnamara,RudolphMcnamara,4606438445,alumni
marionhutchison@gmail.com,marionhutchison925,Marion Hutchison,MarionHutchison,5258798384,alumni
justinbrooks@gmail.com,justinbrooks687,Justin Brooks,JustinBrooks,8936856133,alumni
stevencondon@gmail.com,stevencondon301,Steven Condon,StevenCondon,7649152683,alumni
benjamintorres@gmail.com,benjamintorres607,Benjamin Torres,BenjaminTorres,2883781029,alumni
frederickspears@gmail.com,frederickspears959,Frederick Spears,FrederickSpears,6549701124,alumni
robertwun@gmail.com,robertwun626,Robert Wun,RobertWun,7850143275,alumni
stevenarchibald@gmail.com,stevenarchibald442,Steven Archibald,StevenArchibald,9276546849,alumni
damonkenison@gmail.com,damonkenison336,Damon Kenison,DamonKenison,3145326978,alumni
lewislongie@gmail.com,lewislongie599,Lewis Longie,LewisLongie,1169146930,alumni
rayfleming@gmail.com,rayfleming912,Ray Fleming,RayFleming,4641759622,alumni
richardking@gmail.com,richardking369,Richard King,RichardKing,9043880589,alumni
hermanchick@gmail.com,hermanchick396,Herman Chick,HermanChick,4535787816,alumni
matthaugen@gmail.com,matthaugen591,Matt Haugen,MattHaugen,5289138821,alumni
josecondon@gmail.com,josecondon994,Jose Condon,JoseCondon,6140691406,alumni
jaywine@gmail.com,jaywine249,Jay Wine,JayWine,6102803730,alumni
floydthomson@gmail.com,floydthomson784,Floyd Thomson,FloydThomson,3829273646,alumni
michaelspore@gmail.com,michaelspore166,Michael Spore,MichaelSpore,9933311690,alumni
michaelvilla@gmail.com,michaelvilla503,Michael Villa,MichaelVilla,9573925704,alumni
brendanhathaway@gmail.com,brendanhathaway900,Brendan Hathaway,BrendanHathaway,3329891555,alumni
sergioclayton@gmail.com,sergioclayton414,Sergio Clayton,SergioClayton,8316499199,alumni
benitofrye@gmail.com,benitofrye670,Benito Frye,BenitoFrye,9648006226,alumni
thomaslambert@gmail.com,thomaslambert104,Thomas Lambert,ThomasLambert,3421084805,alumni
perrywalstrum@gmail.com,perrywalstrum644,Perry Walstrum,PerryWalstrum,3187475462,student
antoniomartin@gmail.com,antoniomartin467,Antonio Martin,AntonioMartin,9820291221,student
michaelcamp@gmail.com,michaelcamp943,Michael Camp,MichaelCamp,4936335427,student
henryreed@gmail.com,henryreed693,Henry Reed,HenryReed,9539405791,student
johnmandrell@gmail.com,johnmandrell254,John Mandrell,JohnMandrell,7715239553,student
roscoemurphy@gmail.com,roscoemurphy937,Roscoe Murphy,RoscoeMurphy,4701970637,student
donaldhowell@gmail.com,donaldhowell353,Donald Howell,DonaldHowell,8575487838,student
cyruscummings@gmail.com,cyruscummings249,Cyrus Cummings,CyrusCummings,5153757739,student
raulwesterman@gmail.com,raulwesterman609,Raul Westerman,RaulWesterman,5225592893,student
richardmacleod@gmail.com,richardmacleod800,Richard Macleod,RichardMacleod,4905273201,student
leejones@gmail.com,leejones211,Lee Jones,LeeJones,6406531892,student
williamdavis@gmail.com,williamdavis466,William Davis,WilliamDavis,1883970568,student
paulpoche@gmail.com,paulpoche331,Paul Poche,PaulPoche,6476838198,student
robertallery@gmail.com,robertallery916,Robert Allery,RobertAllery,9664726885,student
dennisdavies@gmail.com,dennisdavies298,Dennis Davies,DennisDavies,5057684732,student
matthewroberts@gmail.com,matthewroberts528,Matthew Roberts,MatthewRoberts,8472444822,student
georgeclark@gmail.com,georgeclark266,George Clark,GeorgeClark,4270228610,student
thomasthomas@gmail.com,thomasthomas243,Thomas Thomas,ThomasThomas,3784763861,student
jerrodscott@gmail.com,jerrodscott786,Jerrod Scott,JerrodScott,2677912972,student
mohameddini@gmail.com,mohameddini558,Mohamed Dini,MohamedDini,2422628898,student
michaellocklear@gmail.com,michaellocklear895,Michael Locklear,MichaelLocklear,2924768772,student
johncastillo@gmail.com,johncastillo475,John Castillo,JohnCastillo,2842330916,student
richardlazar@gmail.com,richardlazar658,Richard Lazar,RichardLazar,4341711954,student
leekeller@gmail.com,leekeller791,Lee Keller,LeeKeller,7140357772,student
ronaldnavarra@gmail.com,ronaldnavarra720,Ronald Navarra,RonaldNavarra,9573161036,student
markbraden@gmail.com,markbraden322,Mark Braden,MarkBraden,9928031182,student
charlesgreenwood@gmail.com,charlesgreenwood592,Charles Greenwood,CharlesGreenwood,8406829024,student
michaelpeck@gmail.com,michaelpeck512,Michael Peck,MichaelPeck,6143177584,student
jospeharp@gmail.com,jospeharp545,Jospeh Arp,JospehArp,3779164980,student
stephenwaldron@gmail.com,stephenwaldron341,Stephen Waldron,StephenWaldron,5644783307,student
georgesmith@gmail.com,georgesmith965,George Smith,GeorgeSmith,4270310962,student
geraldvolcko@gmail.com,geraldvolcko689,Gerald Volcko,GeraldVolcko,9535769302,student
keithgarcia@gmail.com,keithgarcia264,Keith Garcia,KeithGarcia,4088789068,student
thomasoconnell@gmail.com,thomasoconnell814,Thomas Oconnell,ThomasOconnell,2538640802,student
davidsotello@gmail.com,davidsotello563,David Sotello,DavidSotello,1574150560,student
dannyfreeman@gmail.com,dannyfreeman661,Danny Freeman,DannyFreeman,1394182889,student
harrisdennis@gmail.com,harrisdennis536,Harris Dennis,HarrisDennis,4135736884,student
erichalstead@gmail.com,erichalstead635,Eric Halstead,EricHalstead,1574378327,student
adamrussell@gmail.com,adamrussell631,Adam Russell,AdamRussell,5278387384,student
robertnewton@gmail.com,robertnewton766,Robert Newton,RobertNewton,6707836198,student
albertcarrington@gmail.com,albertcarrington530,Albert Carrington,AlbertCarrington,8982611791,student
sethdoleman@gmail.com,sethdoleman229,Seth Doleman,SethDoleman,8792206905,student
williedennis@gmail.com,williedennis402,Willie Dennis,WillieDennis,8213914873,student
gaylehunter@gmail.com,gaylehunter520,Gayle Hunter,GayleHunter,7795187317,student
donaldhinerman@gmail.com,donaldhinerman954,Donald Hinerman,DonaldHinerman,4146625604,student
thomasmartinez@gmail.com,thomasmartinez497,Thomas Martinez,ThomasMartinez,3865137712,student
anthonydavis@gmail.com,anthonydavis461,Anthony Davis,AnthonyDavis,1155199991,student
juliomclaughlin@gmail.com,juliomclaughlin185,Julio Mclaughlin,JulioMclaughlin,8249035815,student
henrydavis@gmail.com,henrydavis816,Henry Davis,HenryDavis,6649168033,student
tyhogan@gmail.com,tyhogan212,Ty Hogan,TyHogan,5455473970,student
henrywhittaker@gmail.com,henrywhittaker360,Henry Whittaker,HenryWhittaker,9052612011,student
spencerbrowning@gmail.com,spencerbrowning445,Spencer Browning,SpencerBrowning,4971504741,student
victorbrooks@gmail.com,victorbrooks898,Victor Brooks,VictorBrooks,3418011984,student
brianiglesia@gmail.com,brianiglesia604,Brian Iglesia,BrianIglesia,9680719161,student
chadfrench@gmail.com,chadfrench928,Chad French,ChadFrench,5469269157,student
edwardbroom@gmail.com,edwardbroom167,Edward Broom,EdwardBroom,1409385857,student
davidcrouch@gmail.com,davidcrouch623,David Crouch,DavidCrouch,7217058915,student
brianberlinski@gmail.com,brianberlinski955,Brian Berlinski,BrianBerlinski,2725727524,student
kevinpark@gmail.com,kevinpark686,Kevin Park,KevinPark,4754271375,student
phillipgray@gmail.com,phillipgray517,Phillip Gray,PhillipGray,6593875899,student
wilburwhicker@gmail.com,wilburwhicker333,Wilbur Whicker,WilburWhicker,8504555973,student
brucemcwhorter@gmail.com,brucemcwhorter783,Bruce Mcwhorter,BruceMcwhorter,8993462442,student